{"cameraMode":{"drawMode":0,"name":"Shaded","section":"Shading Mode"},"sceneLighting":false,"audioPlay":false,"sceneViewState":{"m_AlwaysRefresh":false,"showFog":false,"showSkybox":false,"showFlares":false,"showImageEffects":false,"showParticleSystems":false,"showVisualEffectGraphs":true,"m_FxEnabled":true},"in2DMode":false,"pivot":{"x":-0.13902157545089723,"y":0.769687294960022,"z":-0.6882879734039307},"rotation":{"x":0.023037493228912355,"y":-0.9664337038993836,"z":0.23834571242332459,"w":0.09334800392389298},"size":1.1505162715911866,"orthographic":false}