{"cameraMode":{"drawMode":0,"name":"Shaded","section":"Shading Mode"},"sceneLighting":false,"audioPlay":false,"sceneViewState":{"m_AlwaysRefresh":false,"showFog":false,"showSkybox":false,"showFlares":false,"showImageEffects":false,"showParticleSystems":false,"showVisualEffectGraphs":true,"m_FxEnabled":true},"in2DMode":false,"pivot":{"x":-0.2273181676864624,"y":0.6274430751800537,"z":-0.23828327655792237},"rotation":{"x":-0.12980400025844575,"y":-0.8684263229370117,"z":0.30709365010261538,"w":-0.3670464754104614},"size":1.0140013694763184,"orthographic":false}