{"cameraMode":{"drawMode":0,"name":"Shaded","section":"Shading Mode"},"sceneLighting":false,"audioPlay":false,"sceneViewState":{"m_AlwaysRefresh":false,"showFog":true,"showSkybox":false,"showFlares":true,"showImageEffects":true,"showParticleSystems":true,"showVisualEffectGraphs":true,"m_FxEnabled":true},"in2DMode":false,"pivot":{"x":-0.1701289415359497,"y":1.6622028350830079,"z":-0.5943856239318848},"rotation":{"x":-0.013218876905739308,"y":-0.980819582939148,"z":0.18091119825839997,"w":-0.0716136246919632},"size":2.0270955562591554,"orthographic":false}