{"cameraMode":{"drawMode":0,"name":"Shaded","section":"Shading Mode"},"sceneLighting":false,"audioPlay":false,"sceneViewState":{"m_AlwaysRefresh":false,"showFog":true,"showSkybox":false,"showFlares":true,"showImageEffects":true,"showParticleSystems":true,"showVisualEffectGraphs":true,"m_FxEnabled":true},"in2DMode":false,"pivot":{"x":-0.9114513397216797,"y":1.4856045246124268,"z":2.3037960529327394},"rotation":{"x":0.12622565031051637,"y":0.7840304970741272,"z":-0.1695709377527237,"w":0.5836206078529358},"size":4.6158833503723148,"orthographic":false}