{"cameraMode":{"drawMode":0,"name":"Shaded","section":"Shading Mode"},"sceneLighting":false,"audioPlay":false,"sceneViewState":{"m_AlwaysRefresh":false,"showFog":false,"showSkybox":false,"showFlares":false,"showImageEffects":false,"showParticleSystems":false,"showVisualEffectGraphs":true,"m_FxEnabled":true},"in2DMode":false,"pivot":{"x":-0.8139853477478027,"y":0.7939362525939941,"z":-0.7466310858726502},"rotation":{"x":0.08864083141088486,"y":-0.9045655131340027,"z":0.23088125884532929,"w":0.34733083844184878},"size":1.5758779048919678,"orthographic":false}